[
  {
    "id": 1,
    "room": "dkdk",
    "user": "hs9909",
    "message": "ㅑㅑㅓ",
    "time": "2025-06-15T04:57:11.821Z"
  },
  {
    "id": 2,
    "room": "ㄴㄴㄴ",
    "user": "hs9909",
    "message": "ㄴㅇㄹㄴㅁㅇ",
    "time": "2025-06-15T04:57:24.997Z"
  },
  {
    "id": 3,
    "room": "ㄴㄴㄴ",
    "user": "admin",
    "message": "sdfsdfas",
    "time": "2025-06-15T04:58:39.431Z"
  },
  {
    "id": 4,
    "room": "ㄴㄴㄴ",
    "user": "admin",
    "message": "adsfasdf",
    "time": "2025-06-15T04:58:40.849Z"
  },
  {
    "id": 5,
    "room": "ㄴㄴㄴ",
    "user": "admin",
    "message": "fgshgjfdhg",
    "time": "2025-06-15T04:58:42.846Z"
  },
  {
    "id": 6,
    "room": "ㄴㄴㄴ",
    "user": "admin",
    "message": "sfksdjfksdjfsa",
    "time": "2025-06-15T04:58:44.255Z"
  },
  {
    "id": 7,
    "room": "ㄴㄴㄴ",
    "user": "admin",
    "message": "dfnjanfkjsdanfkjnsd;fag",
    "time": "2025-06-15T04:58:45.602Z"
  },
  {
    "id": 8,
    "room": "ㄴㄴㄴ",
    "user": "admin",
    "message": "djnfjdsfkjdsklfsdkjfnsd",
    "time": "2025-06-15T04:58:47.126Z"
  },
  {
    "id": 9,
    "room": "ㄴㄴㄴ",
    "user": "hs9909",
    "message": "나가죽어라",
    "time": "2025-06-15T04:58:59.511Z"
  },
  {
    "id": 10,
    "room": "ㄴㄴㄴ",
    "user": "admin",
    "message": "너도 ㅇㅇ",
    "time": "2025-06-15T04:59:08.654Z"
  },
  {
    "id": 11,
    "room": "ㄴㄴㄴ",
    "user": "hs9909",
    "message": "ㄴㅇㄻㅇㄹ",
    "time": "2025-06-15T05:02:24.858Z"
  },
  {
    "id": 12,
    "room": "ㄴㄴㄴ",
    "user": "hs9909",
    "message": "ㄴ",
    "time": "2025-06-15T05:02:25.147Z"
  },
  {
    "id": 13,
    "room": "ㄴㄴㄴ",
    "user": "hs9909",
    "message": "ㄴ",
    "time": "2025-06-15T05:02:25.339Z"
  },
  {
    "id": 14,
    "room": "ㄴㄴㄴ",
    "user": "hs9909",
    "message": "ㄴ",
    "time": "2025-06-15T05:02:25.522Z"
  },
  {
    "id": 15,
    "room": "ㄴㄴㄴ",
    "user": "hs9909",
    "message": "ㄴ",
    "time": "2025-06-15T05:02:25.669Z"
  },
  {
    "id": 16,
    "room": "ㄴㄴㄴ",
    "user": "hs9909",
    "message": "ㄴ",
    "time": "2025-06-15T05:02:25.841Z"
  },
  {
    "id": 17,
    "room": "ㄴㄴㄴ",
    "user": "hs9909",
    "message": "ㄴ",
    "time": "2025-06-15T05:02:25.980Z"
  },
  {
    "id": 18,
    "room": "ㄴㄴㄴ",
    "user": "hs9909",
    "message": "ㄴ",
    "time": "2025-06-15T05:02:26.110Z"
  },
  {
    "id": 19,
    "room": "ㄴㄴㄴ",
    "user": "hs9909",
    "message": "ㄴ",
    "time": "2025-06-15T05:02:26.404Z"
  },
  {
    "id": 20,
    "room": "ㄴㄴㄴ",
    "user": "hs9909",
    "message": "ㄴ",
    "time": "2025-06-15T05:02:26.551Z"
  },
  {
    "id": 21,
    "room": "ㄴㄴㄴ",
    "user": "hs9909",
    "message": "ㄴ",
    "time": "2025-06-15T05:02:26.713Z"
  },
  {
    "id": 22,
    "room": "ㄴㄴㄴ",
    "user": "hs9909",
    "message": "ㄴㄴ",
    "time": "2025-06-15T05:02:27.303Z"
  },
  {
    "id": 23,
    "room": "ㄴㄴㄴ",
    "user": "hs9909",
    "message": "ㄴ",
    "time": "2025-06-15T05:02:27.413Z"
  },
  {
    "id": 24,
    "room": "ㄴㄴㄴ",
    "user": "hs9909",
    "message": "ㄴ",
    "time": "2025-06-15T05:02:27.548Z"
  },
  {
    "id": 25,
    "room": "ㄴㄴㄴ",
    "user": "hs9909",
    "message": "ㄴ",
    "time": "2025-06-15T05:02:27.695Z"
  },
  {
    "id": 26,
    "room": "ㄴㄴㄴ",
    "user": "hs9909",
    "message": "ㄴ",
    "time": "2025-06-15T05:02:27.838Z"
  },
  {
    "id": 27,
    "room": "ㄴㄴㄴ",
    "user": "hs9909",
    "message": "ㄴㄴ",
    "time": "2025-06-15T05:02:28.149Z"
  },
  {
    "id": 28,
    "room": "ㄴㄴㄴ",
    "user": "hs9909",
    "message": "ㄴ",
    "time": "2025-06-15T05:02:28.422Z"
  },
  {
    "id": 29,
    "room": "ㄴㄴㄴ",
    "user": "hs9909",
    "message": "ㄴ",
    "time": "2025-06-15T05:02:28.562Z"
  },
  {
    "id": 30,
    "room": "ㄴㄴㄴ",
    "user": "hs9909",
    "message": "ㄴ",
    "time": "2025-06-15T05:02:28.705Z"
  },
  {
    "id": 31,
    "room": "ㄴㄴㄴ",
    "user": "hs9909",
    "message": "ㄴ",
    "time": "2025-06-15T05:02:28.848Z"
  },
  {
    "id": 32,
    "room": "ㄴㄴㄴ",
    "user": "hs9909",
    "message": "ㄴ",
    "time": "2025-06-15T05:02:29.147Z"
  },
  {
    "id": 33,
    "room": "ㄴㄴㄴ",
    "user": "hs9909",
    "message": "ㄴ",
    "time": "2025-06-15T05:02:29.290Z"
  },
  {
    "id": 34,
    "room": "ㄴㄴㄴ",
    "user": "hs9909",
    "message": "ㄴ",
    "time": "2025-06-15T05:02:29.454Z"
  },
  {
    "id": 35,
    "room": "ㄴㄴㄴ",
    "user": "hs9909",
    "message": "ㄴ",
    "time": "2025-06-15T05:02:29.752Z"
  },
  {
    "id": 36,
    "room": "ㄴㄴㄴ",
    "user": "hs9909",
    "message": "ㄴ",
    "time": "2025-06-15T05:02:29.907Z"
  },
  {
    "id": 37,
    "room": "ㄴㄴㄴ",
    "user": "hs9909",
    "message": "ㄴ",
    "time": "2025-06-15T05:02:30.068Z"
  },
  {
    "id": 38,
    "room": "ㄴㄴㄴ",
    "user": "hs9909",
    "message": "ㄴ",
    "time": "2025-06-15T05:02:30.370Z"
  },
  {
    "id": 39,
    "room": "ㄴㄴㄴ",
    "user": "hs9909",
    "message": "ㄴ",
    "time": "2025-06-15T05:02:30.532Z"
  },
  {
    "id": 40,
    "room": "ㄴㄴㄴ",
    "user": "hs9909",
    "message": "ㄴ",
    "time": "2025-06-15T05:02:30.682Z"
  },
  {
    "id": 41,
    "room": "ㄴㄴㄴ",
    "user": "hs9909",
    "message": "ㄴ",
    "time": "2025-06-15T05:02:30.852Z"
  },
  {
    "id": 42,
    "room": "ㄴㄴㄴ",
    "user": "hs9909",
    "message": "ㄴ",
    "time": "2025-06-15T05:02:31.015Z"
  },
  {
    "id": 43,
    "room": "ㄴㄴㄴ",
    "user": "hs9909",
    "message": "ㄴ",
    "time": "2025-06-15T05:02:31.330Z"
  },
  {
    "id": 44,
    "room": "ㄴㄴㄴ",
    "user": "hs9909",
    "message": "ㄴ",
    "time": "2025-06-15T05:02:31.493Z"
  },
  {
    "id": 45,
    "room": "ㄴㄴㄴ",
    "user": "hs9909",
    "message": "ㄴ",
    "time": "2025-06-15T05:02:31.643Z"
  },
  {
    "id": 46,
    "room": "ㄴㄴㄴ",
    "user": "hs9909",
    "message": "ㄴ",
    "time": "2025-06-15T05:02:31.816Z"
  },
  {
    "id": 47,
    "room": "ㄴㄴㄴ",
    "user": "hs9909",
    "message": "ㄴ",
    "time": "2025-06-15T05:02:31.966Z"
  },
  {
    "id": 48,
    "room": "ㄴㄴㄴ",
    "user": "hs9909",
    "message": "ㅇ울ㄴ울ㄴ",
    "time": "2025-06-15T05:02:32.777Z"
  },
  {
    "id": 49,
    "room": "ㄴㄴㄴ",
    "user": "hs9909",
    "message": "ㄴ",
    "time": "2025-06-15T05:02:32.984Z"
  },
  {
    "id": 50,
    "room": "ㄴㄴㄴ",
    "user": "hs9909",
    "message": "ㄴ",
    "time": "2025-06-15T05:02:33.137Z"
  },
  {
    "id": 51,
    "room": "ㄴㄴㄴ",
    "user": "hs9909",
    "message": "ㄹ",
    "time": "2025-06-15T05:02:33.339Z"
  },
  {
    "id": 52,
    "room": "ㄴㄴㄴ",
    "user": "hs9909",
    "message": "ㅇㄹㄴㅇ",
    "time": "2025-06-15T05:02:33.597Z"
  },
  {
    "id": 53,
    "room": "ㄴㄴㄴ",
    "user": "hs9909",
    "message": "ㄹㄴㅇ",
    "time": "2025-06-15T05:02:33.762Z"
  },
  {
    "id": 54,
    "room": "ㄴㄴㄴ",
    "user": "hs9909",
    "message": "ㄹ",
    "time": "2025-06-15T05:02:33.912Z"
  },
  {
    "id": 55,
    "room": "ㄴㄴㄴ",
    "user": "hs9909",
    "message": "ㄴㅇㄹ",
    "time": "2025-06-15T05:02:34.053Z"
  },
  {
    "id": 56,
    "room": "ㄴㄴㄴ",
    "user": "hs9909",
    "message": "ㄴㅇ",
    "time": "2025-06-15T05:02:34.197Z"
  },
  {
    "id": 57,
    "room": "ㄴㄴㄴ",
    "user": "hs9909",
    "message": "ㄹㄴ",
    "time": "2025-06-15T05:02:34.340Z"
  },
  {
    "id": 58,
    "room": "ㄴㄴㄴ",
    "user": "hs9909",
    "message": "ㄹ",
    "time": "2025-06-15T05:02:34.493Z"
  },
  {
    "id": 59,
    "room": "ㄴㄴㄴ",
    "user": "hs9909",
    "message": "ㄴㄹ",
    "time": "2025-06-15T05:02:34.659Z"
  },
  {
    "id": 60,
    "room": "ㄴㄴㄴ",
    "user": "hs9909",
    "message": "ㄴㅇ",
    "time": "2025-06-15T05:02:34.812Z"
  },
  {
    "id": 61,
    "room": "ㄴㄴㄴ",
    "user": "hs9909",
    "message": "ㄹㄴㅇ",
    "time": "2025-06-15T05:02:34.969Z"
  },
  {
    "id": 62,
    "room": "ㄴㄴㄴ",
    "user": "hs9909",
    "message": "ㄹ",
    "time": "2025-06-15T05:02:35.104Z"
  },
  {
    "id": 63,
    "room": "ㄴㄴㄴ",
    "user": "hs9909",
    "message": "ㄴㄹ",
    "time": "2025-06-15T05:02:35.242Z"
  },
  {
    "id": 64,
    "room": "ㄴㄴㄴ",
    "user": "hs9909",
    "message": "ㄴㅇ",
    "time": "2025-06-15T05:02:35.406Z"
  },
  {
    "id": 65,
    "room": "ㄴㄴㄴ",
    "user": "hs9909",
    "message": "ㄹㄷㅈ",
    "time": "2025-06-15T05:02:35.576Z"
  },
  {
    "id": 66,
    "room": "ㄴㄴㄴ",
    "user": "hs9909",
    "message": "ㄴㅇ",
    "time": "2025-06-15T05:02:35.723Z"
  },
  {
    "id": 67,
    "room": "ㄴㄴㄴ",
    "user": "hs9909",
    "message": "ㄹㄴㅇ",
    "time": "2025-06-15T05:02:35.900Z"
  },
  {
    "id": 68,
    "room": "ㄴㄴㄴ",
    "user": "hs9909",
    "message": "ㄹ",
    "time": "2025-06-15T05:02:36.035Z"
  },
  {
    "id": 69,
    "room": "ㄴㄴㄴ",
    "user": "hs9909",
    "message": "ㄴㅇㄹ",
    "time": "2025-06-15T05:02:36.200Z"
  },
  {
    "id": 70,
    "room": "ㄴㄴㄴ",
    "user": "hs9909",
    "message": "ㄴㄹ",
    "time": "2025-06-15T05:02:36.366Z"
  },
  {
    "id": 71,
    "room": "ㄴㄴㄴ",
    "user": "hs9909",
    "message": "ㄴㅇ",
    "time": "2025-06-15T05:02:36.495Z"
  },
  {
    "id": 72,
    "room": "ㄴㄴㄴ",
    "user": "hs9909",
    "message": "ㄹ",
    "time": "2025-06-15T05:02:36.654Z"
  },
  {
    "id": 73,
    "room": "ㄴㄴㄴ",
    "user": "hs9909",
    "message": "ㄴㅇㄹ",
    "time": "2025-06-15T05:02:36.829Z"
  },
  {
    "id": 74,
    "room": "ㄴㄴㄴ",
    "user": "hs9909",
    "message": "ㄴ",
    "time": "2025-06-15T05:02:36.974Z"
  },
  {
    "id": 75,
    "room": "ㄴㄴㄴ",
    "user": "hs9909",
    "message": "ㄹㄴㅇ",
    "time": "2025-06-15T05:02:37.134Z"
  },
  {
    "id": 76,
    "room": "s",
    "user": "hs9909",
    "message": "ㄴㅇㄴㅇ",
    "time": "2025-06-15T05:50:51.060Z"
  },
  {
    "id": 77,
    "room": "s",
    "user": "hs9909",
    "message": "ㅇㄴㅇㄹㄴㅇㄹ",
    "time": "2025-06-15T05:50:54.892Z"
  },
  {
    "id": 78,
    "room": "s",
    "user": "hs9909",
    "message": "asdad",
    "time": "2025-06-15T05:57:17.574Z"
  }
]